"Tmu","TriNo","Code","Comnt"
3478516,710,1,"Trig. 710"
4175781,810,1,"Trig. 810"
4863281,910,1,"Trig. 910"
6302734,710,1,"Trig. 710"
7705078,910,1,"Trig. 910"
9097656,721,1,"Trig. 721"
9794922,821,1,"Trig. 821"
10486328,921,1,"Trig. 921"
11921875,720,1,"Trig. 720"
13324219,920,1,"Trig. 920"
14716797,711,1,"Trig. 711"
15414063,811,1,"Trig. 811"
16105469,911,1,"Trig. 911"
17541016,710,1,"Trig. 710"
18943359,910,1,"Trig. 910"
20335938,721,1,"Trig. 721"
21033203,821,1,"Trig. 821"
21724609,921,1,"Trig. 921"
23160156,720,1,"Trig. 720"
24562500,920,1,"Trig. 920"
25955078,720,1,"Trig. 720"
26652344,820,1,"Trig. 820"
27343750,920,1,"Trig. 920"
28779297,720,1,"Trig. 720"
30181641,920,1,"Trig. 920"
31621094,711,1,"Trig. 711"
32271484,811,1,"Trig. 811"
32962891,911,1,"Trig. 911"
34398438,710,1,"Trig. 710"
35800781,910,1,"Trig. 910"
37193359,710,1,"Trig. 710"
37890625,810,1,"Trig. 810"
38582031,910,1,"Trig. 910"
40017578,710,1,"Trig. 710"
40722656,810,1,"Trig. 810"
41419922,910,1,"Trig. 910"
42859375,710,1,"Trig. 710"
43546875,810,1,"Trig. 810"
45636719,710,1,"Trig. 710"
46341797,810,1,"Trig. 810"
47039063,910,1,"Trig. 910"
48478516,721,1,"Trig. 721"
49166016,821,1,"Trig. 821"
51255859,720,1,"Trig. 720"
51960938,820,1,"Trig. 820"
52658203,920,1,"Trig. 920"
54097656,720,1,"Trig. 720"
54785156,820,1,"Trig. 820"
56875000,720,1,"Trig. 720"
57580078,820,1,"Trig. 820"
58277344,920,1,"Trig. 920"
59716797,711,1,"Trig. 711"
60404297,811,1,"Trig. 811"
62494141,710,1,"Trig. 710"
63246094,810,1,"Trig. 810"
63933594,910,1,"Trig. 910"
65335938,710,1,"Trig. 710"
66023438,810,1,"Trig. 810"
68164063,721,1,"Trig. 721"
68818359,821,1,"Trig. 821"
69515625,921,1,"Trig. 921"
70955078,720,1,"Trig. 720"
71642578,820,1,"Trig. 820"
73732422,720,1,"Trig. 720"
74437500,820,1,"Trig. 820"
75134766,920,1,"Trig. 920"
76574219,711,1,"Trig. 711"
77261719,811,1,"Trig. 811"
77966797,911,1,"Trig. 911"
79402344,710,1,"Trig. 710"
80056641,810,1,"Trig. 810"
80753906,910,1,"Trig. 910"
82193359,710,1,"Trig. 710"
82880859,810,1,"Trig. 810"
83585938,910,1,"Trig. 910"
85021484,710,1,"Trig. 710"
85675781,810,1,"Trig. 810"
86373047,910,1,"Trig. 910"
87812500,710,1,"Trig. 710"
88500000,810,1,"Trig. 810"
89205078,910,1,"Trig. 910"
90640625,721,1,"Trig. 721"
91341797,821,1,"Trig. 821"
92029297,921,1,"Trig. 921"
93431641,720,1,"Trig. 720"
94119141,820,1,"Trig. 820"
94824219,920,1,"Trig. 920"
96259766,720,1,"Trig. 720"
96960938,820,1,"Trig. 820"
97648438,920,1,"Trig. 920"
99050781,711,1,"Trig. 711"
99738281,811,1,"Trig. 811"
100443359,911,1,"Trig. 911"
101878906,710,1,"Trig. 710"
102580078,810,1,"Trig. 810"
103267578,910,1,"Trig. 910"
104707031,710,1,"Trig. 710"
105357422,810,1,"Trig. 810"
106062500,910,1,"Trig. 910"
108199219,810,1,"Trig. 810"
108886719,910,1,"Trig. 910"
110326172,721,1,"Trig. 721"
110976563,821,1,"Trig. 821"
111681641,921,1,"Trig. 921"
113818359,821,1,"Trig. 821"
114505859,921,1,"Trig. 921"
115945313,720,1,"Trig. 720"
116595703,820,1,"Trig. 820"
117300781,920,1,"Trig. 920"
119437500,820,1,"Trig. 820"
120125000,920,1,"Trig. 920"
121564453,711,1,"Trig. 711"
122214844,811,1,"Trig. 811"
122919922,911,1,"Trig. 911"
125056641,811,1,"Trig. 811"
125744141,911,1,"Trig. 911"
127146484,721,1,"Trig. 721"
127833984,821,1,"Trig. 821"
128585938,921,1,"Trig. 921"
130675781,821,1,"Trig. 821"
131363281,921,1,"Trig. 921"
132802734,711,1,"Trig. 711"
133503906,811,1,"Trig. 811"
134205078,911,1,"Trig. 911"
136294922,811,1,"Trig. 811"
136982422,911,1,"Trig. 911"
138421875,721,1,"Trig. 721"
139123047,821,1,"Trig. 821"
139824219,921,1,"Trig. 921"
141914063,821,1,"Trig. 821"
142601563,921,1,"Trig. 921"
144041016,711,1,"Trig. 711"
145443359,911,1,"Trig. 911"
146841797,721,1,"Trig. 721"
147533203,821,1,"Trig. 821"
148220703,921,1,"Trig. 921"
149660156,711,1,"Trig. 711"
151062500,911,1,"Trig. 911"
152455078,710,1,"Trig. 710"
153152344,810,1,"Trig. 810"
153839844,910,1,"Trig. 910"
155279297,721,1,"Trig. 721"
156681641,921,1,"Trig. 921"
158074219,720,1,"Trig. 720"
158771484,820,1,"Trig. 820"
159458984,920,1,"Trig. 920"
160898438,711,1,"Trig. 711"
161609375,811,1,"Trig. 811"
162300781,911,1,"Trig. 911"
163693359,710,1,"Trig. 710"
164390625,810,1,"Trig. 810"
165078125,910,1,"Trig. 910"
166517578,710,1,"Trig. 710"
167228516,810,1,"Trig. 810"
167919922,910,1,"Trig. 910"
169312500,710,1,"Trig. 710"
170009766,810,1,"Trig. 810"
170697266,910,1,"Trig. 910"
172136719,710,1,"Trig. 710"
172847656,810,1,"Trig. 810"
173539063,910,1,"Trig. 910"
174978516,710,1,"Trig. 710"
175628906,810,1,"Trig. 810"
176320313,910,1,"Trig. 910"
177755859,710,1,"Trig. 710"
178466797,810,1,"Trig. 810"
179158203,910,1,"Trig. 910"
180550781,710,1,"Trig. 710"
181248047,810,1,"Trig. 810"
181939453,910,1,"Trig. 910"
183375000,710,1,"Trig. 710"
184085938,810,1,"Trig. 810"
184777344,910,1,"Trig. 910"
186169922,710,1,"Trig. 710"
187558594,910,1,"Trig. 910"
188994141,721,1,"Trig. 721"
189705078,821,1,"Trig. 821"
190396484,921,1,"Trig. 921"
191789063,711,1,"Trig. 711"
192486328,811,1,"Trig. 811"
193177734,911,1,"Trig. 911"
194613281,710,1,"Trig. 710"
195318359,810,1,"Trig. 810"
196015625,910,1,"Trig. 910"
197455078,721,1,"Trig. 721"
198142578,821,1,"Trig. 821"
200232422,720,1,"Trig. 720"
200937500,820,1,"Trig. 820"
201634766,920,1,"Trig. 920"
203074219,720,1,"Trig. 720"
203761719,820,1,"Trig. 820"
205779297,711,1,"Trig. 711"
207253906,911,1,"Trig. 911"
208693359,710,1,"Trig. 710"
209380859,810,1,"Trig. 810"
210091797,910,1,"Trig. 910"
211197266,710,1,"Trig. 710"
211968750,810,1,"Trig. 810"
212660156,910,1,"Trig. 910"
214099609,710,1,"Trig. 710"
214800781,810,1,"Trig. 810"
215498047,910,1,"Trig. 910"
216816406,721,1,"Trig. 721"
217587891,821,1,"Trig. 821"
218279297,921,1,"Trig. 921"
219718750,720,1,"Trig. 720"
220419922,820,1,"Trig. 820"
221117188,920,1,"Trig. 920"
222509766,711,1,"Trig. 711"
223207031,811,1,"Trig. 811"
223898438,911,1,"Trig. 911"
225337891,710,1,"Trig. 710"
226039063,810,1,"Trig. 810"
226736328,910,1,"Trig. 910"
228175781,721,1,"Trig. 721"
228826172,821,1,"Trig. 821"
229517578,921,1,"Trig. 921"
230957031,720,1,"Trig. 720"
231583984,820,1,"Trig. 820"
232355469,920,1,"Trig. 920"
233748047,711,1,"Trig. 711"
234445313,811,1,"Trig. 811"
235136719,911,1,"Trig. 911"
236576172,721,1,"Trig. 721"
237203125,821,1,"Trig. 821"
237974609,921,1,"Trig. 921"
239414063,711,1,"Trig. 711"
240064453,811,1,"Trig. 811"
240755859,911,1,"Trig. 911"
242113281,710,1,"Trig. 710"
242822266,810,1,"Trig. 810"
243593750,910,1,"Trig. 910"
245033203,710,1,"Trig. 710"
245724609,810,1,"Trig. 810"
246425781,910,1,"Trig. 910"
247814453,710,1,"Trig. 710"
248441406,810,1,"Trig. 810"
249212891,910,1,"Trig. 910"
251179688,810,1,"Trig. 810"
252044922,910,1,"Trig. 910"
253287109,721,1,"Trig. 721"
254679688,921,1,"Trig. 921"
256810547,821,1,"Trig. 821"
258917969,720,1,"Trig. 720"
259595703,820,1,"Trig. 820"
260300781,920,1,"Trig. 920"
261730469,720,1,"Trig. 720"
262441406,820,1,"Trig. 820"
263128906,920,1,"Trig. 920"
264589844,711,1,"Trig. 711"
265960938,911,1,"Trig. 911"
267376953,710,1,"Trig. 710"
268044922,810,1,"Trig. 810"
268734375,910,1,"Trig. 910"
270255859,710,1,"Trig. 710"
270906250,810,1,"Trig. 810"
271601563,910,1,"Trig. 910"
272982422,710,1,"Trig. 710"
273738281,810,1,"Trig. 810"
274394531,910,1,"Trig. 910"
275828125,721,1,"Trig. 721"
276525391,821,1,"Trig. 821"
277220703,921,1,"Trig. 921"
279357422,821,1,"Trig. 821"
280054688,921,1,"Trig. 921"
281494141,720,1,"Trig. 720"
282144531,820,1,"Trig. 820"
282818359,920,1,"Trig. 920"
284279297,720,1,"Trig. 720"
284976563,820,1,"Trig. 820"
285673828,920,1,"Trig. 920"
287113281,711,1,"Trig. 711"
287808594,811,1,"Trig. 811"
288505859,911,1,"Trig. 911"
289898438,710,1,"Trig. 710"
290595703,810,1,"Trig. 810"
291292969,910,1,"Trig. 910"
292732422,721,1,"Trig. 721"
293427734,821,1,"Trig. 821"
294125000,921,1,"Trig. 921"
295517578,711,1,"Trig. 711"
296214844,811,1,"Trig. 811"
296912109,911,1,"Trig. 911"
298351563,721,1,"Trig. 721"
299046875,821,1,"Trig. 821"
299744141,921,1,"Trig. 921"
301136719,711,1,"Trig. 711"
301833984,811,1,"Trig. 811"
302531250,911,1,"Trig. 911"
303970703,710,1,"Trig. 710"
304621094,810,1,"Trig. 810"
305363281,910,1,"Trig. 910"
306755859,710,1,"Trig. 710"
307453125,810,1,"Trig. 810"
308150391,910,1,"Trig. 910"
309589844,710,1,"Trig. 710"
310285156,810,1,"Trig. 810"
310982422,910,1,"Trig. 910"
312375000,721,1,"Trig. 721"
313072266,821,1,"Trig. 821"
313769531,921,1,"Trig. 921"
315208984,720,1,"Trig. 720"
315904297,820,1,"Trig. 820"
316601563,920,1,"Trig. 920"
317994141,711,1,"Trig. 711"
318691406,811,1,"Trig. 811"
319388672,911,1,"Trig. 911"
320828125,710,1,"Trig. 710"
321523438,810,1,"Trig. 810"
322220703,910,1,"Trig. 910"
323613281,721,1,"Trig. 721"
324310547,821,1,"Trig. 821"
325007813,921,1,"Trig. 921"
326447266,720,1,"Trig. 720"
327142578,820,1,"Trig. 820"
327839844,920,1,"Trig. 920"
329232422,711,1,"Trig. 711"
329929688,811,1,"Trig. 811"
330626953,911,1,"Trig. 911"
332066406,710,1,"Trig. 710"
332761719,810,1,"Trig. 810"
333458984,910,1,"Trig. 910"
334851563,710,1,"Trig. 710"
335548828,810,1,"Trig. 810"
336246094,910,1,"Trig. 910"
337685547,721,1,"Trig. 721"
338380859,821,1,"Trig. 821"
339078125,921,1,"Trig. 921"
340470703,711,1,"Trig. 711"
341167969,811,1,"Trig. 811"
341865234,911,1,"Trig. 911"
343304688,721,1,"Trig. 721"
3.44e+08,821,1,"Trig. 821"
344697266,921,1,"Trig. 921"
346089844,720,1,"Trig. 720"
346787109,820,1,"Trig. 820"
347484375,920,1,"Trig. 920"
348923828,720,1,"Trig. 720"
349619141,820,1,"Trig. 820"
350316406,920,1,"Trig. 920"
351708984,711,1,"Trig. 711"
352406250,811,1,"Trig. 811"
353103516,911,1,"Trig. 911"
354542969,710,1,"Trig. 710"
355238281,810,1,"Trig. 810"
355935547,910,1,"Trig. 910"
357328125,710,1,"Trig. 710"
358025391,810,1,"Trig. 810"
391201172,710,1,"Trig. 710"
391896484,810,1,"Trig. 810"
392593750,910,1,"Trig. 910"
394033203,710,1,"Trig. 710"
394683594,810,1,"Trig. 810"
395380859,910,1,"Trig. 910"
396820313,710,1,"Trig. 710"
397515625,810,1,"Trig. 810"
398212891,910,1,"Trig. 910"
399652344,710,1,"Trig. 710"
400302734,810,1,"Trig. 810"
4.01e+08,910,1,"Trig. 910"
402439453,721,1,"Trig. 721"
403134766,821,1,"Trig. 821"
403832031,921,1,"Trig. 921"
405271484,711,1,"Trig. 711"
405921875,811,1,"Trig. 811"
406619141,911,1,"Trig. 911"
408058594,721,1,"Trig. 721"
408753906,821,1,"Trig. 821"
409451172,921,1,"Trig. 921"
410890625,720,1,"Trig. 720"
411541016,820,1,"Trig. 820"
412238281,920,1,"Trig. 920"
413677734,720,1,"Trig. 720"
414373047,820,1,"Trig. 820"
415070313,920,1,"Trig. 920"
416509766,711,1,"Trig. 711"
417160156,811,1,"Trig. 811"
417857422,911,1,"Trig. 911"
419296875,710,1,"Trig. 710"
419992188,810,1,"Trig. 810"
420689453,910,1,"Trig. 910"
422128906,721,1,"Trig. 721"
422779297,821,1,"Trig. 821"
423521484,921,1,"Trig. 921"
424916016,720,1,"Trig. 720"
425611328,820,1,"Trig. 820"
426308594,920,1,"Trig. 920"
427748047,711,1,"Trig. 711"
428398438,811,1,"Trig. 811"
429140625,911,1,"Trig. 911"
430535156,721,1,"Trig. 721"
431230469,821,1,"Trig. 821"
431927734,921,1,"Trig. 921"
433367188,711,1,"Trig. 711"
434017578,811,1,"Trig. 811"
434759766,911,1,"Trig. 911"
436154297,710,1,"Trig. 710"
436849609,810,1,"Trig. 810"
437546875,910,1,"Trig. 910"
438986328,721,1,"Trig. 721"
439636719,821,1,"Trig. 821"
440378906,921,1,"Trig. 921"
441773438,720,1,"Trig. 720"
442468750,820,1,"Trig. 820"
443166016,920,1,"Trig. 920"
444605469,711,1,"Trig. 711"
445302734,811,1,"Trig. 811"
445998047,911,1,"Trig. 911"
447392578,721,1,"Trig. 721"
448087891,821,1,"Trig. 821"
448785156,921,1,"Trig. 921"
450224609,720,1,"Trig. 720"
450921875,820,1,"Trig. 820"
451617188,920,1,"Trig. 920"
452832031,711,1,"Trig. 711"
453527344,811,1,"Trig. 811"
454224609,911,1,"Trig. 911"
455664063,710,1,"Trig. 710"
456361328,810,1,"Trig. 810"
457056641,910,1,"Trig. 910"
458451172,710,1,"Trig. 710"
459146484,810,1,"Trig. 810"
459843750,910,1,"Trig. 910"
461283203,710,1,"Trig. 710"
461980469,810,1,"Trig. 810"
462675781,910,1,"Trig. 910"
464115234,721,1,"Trig. 721"
464765625,821,1,"Trig. 821"
465509766,921,1,"Trig. 921"
466902344,720,1,"Trig. 720"
467599609,820,1,"Trig. 820"
468294922,920,1,"Trig. 920"
469734375,711,1,"Trig. 711"
470384766,811,1,"Trig. 811"
471128906,911,1,"Trig. 911"
472521484,721,1,"Trig. 721"
473218750,821,1,"Trig. 821"
473914063,921,1,"Trig. 921"
475353516,720,1,"Trig. 720"
476050781,820,1,"Trig. 820"
476748047,920,1,"Trig. 920"
478187500,720,1,"Trig. 720"
478837891,820,1,"Trig. 820"
479533203,920,1,"Trig. 920"
480972656,720,1,"Trig. 720"
481669922,820,1,"Trig. 820"
482367188,920,1,"Trig. 920"
483759766,711,1,"Trig. 711"
484457031,811,1,"Trig. 811"
485152344,911,1,"Trig. 911"
486591797,710,1,"Trig. 710"
487289063,810,1,"Trig. 810"
487986328,910,1,"Trig. 910"
489378906,721,1,"Trig. 721"
490076172,821,1,"Trig. 821"
490771484,921,1,"Trig. 921"
492210938,720,1,"Trig. 720"
492908203,820,1,"Trig. 820"
493605469,920,1,"Trig. 920"
494998047,711,1,"Trig. 711"
495695313,811,1,"Trig. 811"
496390625,911,1,"Trig. 911"
497830078,710,1,"Trig. 710"
498527344,810,1,"Trig. 810"
499224609,910,1,"Trig. 910"
500617188,710,1,"Trig. 710"
501314453,810,1,"Trig. 810"
502009766,910,1,"Trig. 910"
503449219,721,1,"Trig. 721"
504146484,821,1,"Trig. 821"
504843750,921,1,"Trig. 921"
506283203,720,1,"Trig. 720"
506978516,820,1,"Trig. 820"
507675781,920,1,"Trig. 920"
509068359,711,1,"Trig. 711"
509765625,811,1,"Trig. 811"
510462891,911,1,"Trig. 911"
511902344,710,1,"Trig. 710"
512597656,810,1,"Trig. 810"
513294922,910,1,"Trig. 910"
514687500,710,1,"Trig. 710"
515384766,810,1,"Trig. 810"
516082031,910,1,"Trig. 910"
517521484,710,1,"Trig. 710"
518216797,810,1,"Trig. 810"
518914063,910,1,"Trig. 910"
520306641,721,1,"Trig. 721"
521003906,821,1,"Trig. 821"
521701172,921,1,"Trig. 921"
523140625,711,1,"Trig. 711"
523835938,811,1,"Trig. 811"
524533203,911,1,"Trig. 911"
525925781,721,1,"Trig. 721"
526623047,821,1,"Trig. 821"
527320313,921,1,"Trig. 921"
528759766,720,1,"Trig. 720"
529455078,820,1,"Trig. 820"
530152344,920,1,"Trig. 920"
531544922,711,1,"Trig. 711"
532242188,811,1,"Trig. 811"
532939453,911,1,"Trig. 911"
534378906,721,1,"Trig. 721"
535074219,821,1,"Trig. 821"
535771484,921,1,"Trig. 921"
537164063,711,1,"Trig. 711"
537861328,811,1,"Trig. 811"
538558594,911,1,"Trig. 911"
539998047,710,1,"Trig. 710"
540693359,810,1,"Trig. 810"
541390625,910,1,"Trig. 910"
542783203,710,1,"Trig. 710"
543480469,810,1,"Trig. 810"
544177734,910,1,"Trig. 910"
545617188,721,1,"Trig. 721"
546312500,821,1,"Trig. 821"
547009766,921,1,"Trig. 921"
548402344,711,1,"Trig. 711"
549099609,811,1,"Trig. 811"
549796875,911,1,"Trig. 911"
551236328,721,1,"Trig. 721"
551931641,821,1,"Trig. 821"
552628906,921,1,"Trig. 921"
554068359,711,1,"Trig. 711"
554718750,811,1,"Trig. 811"
555416016,911,1,"Trig. 911"
556855469,710,1,"Trig. 710"
557550781,810,1,"Trig. 810"
558248047,910,1,"Trig. 910"
559687500,721,1,"Trig. 721"
560384766,821,1,"Trig. 821"
561080078,921,1,"Trig. 921"
562474609,711,1,"Trig. 711"
563169922,811,1,"Trig. 811"
563867188,911,1,"Trig. 911"
565306641,710,1,"Trig. 710"
566003906,810,1,"Trig. 810"
566699219,910,1,"Trig. 910"
568093750,721,1,"Trig. 721"
568789063,821,1,"Trig. 821"
569486328,921,1,"Trig. 921"
570925781,711,1,"Trig. 711"
571623047,811,1,"Trig. 811"
572318359,911,1,"Trig. 911"
573712891,721,1,"Trig. 721"
574408203,821,1,"Trig. 821"
575105469,921,1,"Trig. 921"
576544922,711,1,"Trig. 711"
577242188,811,1,"Trig. 811"
577937500,911,1,"Trig. 911"
579376953,721,1,"Trig. 721"
580027344,821,1,"Trig. 821"
580724609,921,1,"Trig. 921"
582164063,711,1,"Trig. 711"
582861328,811,1,"Trig. 811"
583556641,911,1,"Trig. 911"
584951172,721,1,"Trig. 721"
585646484,821,1,"Trig. 821"
586343750,921,1,"Trig. 921"
587783203,720,1,"Trig. 720"
588480469,820,1,"Trig. 820"
589175781,920,1,"Trig. 920"
590615234,720,1,"Trig. 720"
591265625,820,1,"Trig. 820"
591962891,920,1,"Trig. 920"
593402344,711,1,"Trig. 711"
594099609,811,1,"Trig. 811"
594794922,911,1,"Trig. 911"
596234375,710,1,"Trig. 710"
596931641,810,1,"Trig. 810"
597628906,910,1,"Trig. 910"
599021484,721,1,"Trig. 721"
599718750,821,1,"Trig. 821"
600414063,921,1,"Trig. 921"
601853516,720,1,"Trig. 720"
602550781,820,1,"Trig. 820"
603248047,920,1,"Trig. 920"
604640625,711,1,"Trig. 711"
605337891,811,1,"Trig. 811"
606033203,911,1,"Trig. 911"
607472656,710,1,"Trig. 710"
608169922,810,1,"Trig. 810"
608867188,910,1,"Trig. 910"
610306641,710,1,"Trig. 710"
610957031,810,1,"Trig. 810"
611652344,910,1,"Trig. 910"
613091797,710,1,"Trig. 710"
613789063,810,1,"Trig. 810"
614486328,910,1,"Trig. 910"
615878906,710,1,"Trig. 710"
616576172,810,1,"Trig. 810"
617271484,910,1,"Trig. 910"
618710938,721,1,"Trig. 721"
619408203,821,1,"Trig. 821"
620105469,921,1,"Trig. 921"
621498047,720,1,"Trig. 720"
622195313,820,1,"Trig. 820"
622890625,920,1,"Trig. 920"
624330078,711,1,"Trig. 711"
625027344,811,1,"Trig. 811"
625724609,911,1,"Trig. 911"
627117188,710,1,"Trig. 710"
627814453,810,1,"Trig. 810"
628509766,910,1,"Trig. 910"
629949219,710,1,"Trig. 710"
630646484,810,1,"Trig. 810"
631343750,910,1,"Trig. 910"
632736328,721,1,"Trig. 721"
633433594,821,1,"Trig. 821"
634128906,921,1,"Trig. 921"
635568359,711,1,"Trig. 711"
636265625,811,1,"Trig. 811"
636962891,911,1,"Trig. 911"
638355469,710,1,"Trig. 710"
639052734,810,1,"Trig. 810"
639748047,910,1,"Trig. 910"
641187500,721,1,"Trig. 721"
641884766,821,1,"Trig. 821"
642582031,921,1,"Trig. 921"
643974609,720,1,"Trig. 720"
644671875,820,1,"Trig. 820"
645367188,920,1,"Trig. 920"
646806641,711,1,"Trig. 711"
647503906,811,1,"Trig. 811"
648201172,911,1,"Trig. 911"
649640625,710,1,"Trig. 710"
650335938,810,1,"Trig. 810"
651033203,910,1,"Trig. 910"
652425781,710,1,"Trig. 710"
653123047,810,1,"Trig. 810"
653820313,910,1,"Trig. 910"
655212891,721,1,"Trig. 721"
655955078,821,1,"Trig. 821"
656652344,921,1,"Trig. 921"
658044922,720,1,"Trig. 720"
658742188,820,1,"Trig. 820"
659439453,920,1,"Trig. 920"
660878906,720,1,"Trig. 720"
661574219,820,1,"Trig. 820"
663181641,711,1,"Trig. 711"
663878906,811,1,"Trig. 811"
664574219,911,1,"Trig. 911"
666013672,710,1,"Trig. 710"
666710938,810,1,"Trig. 810"
667408203,910,1,"Trig. 910"
668847656,710,1,"Trig. 710"
669498047,810,1,"Trig. 810"
670193359,910,1,"Trig. 910"
671632813,721,1,"Trig. 721"
672330078,821,1,"Trig. 821"
673027344,921,1,"Trig. 921"
674466797,720,1,"Trig. 720"
675117188,820,1,"Trig. 820"
675812500,920,1,"Trig. 920"
677251953,720,1,"Trig. 720"
678646484,920,1,"Trig. 920"
680085938,711,1,"Trig. 711"
680736328,811,1,"Trig. 811"
681431641,911,1,"Trig. 911"
682871094,721,1,"Trig. 721"
683568359,821,1,"Trig. 821"
684265625,921,1,"Trig. 921"
685705078,720,1,"Trig. 720"
686400391,820,1,"Trig. 820"
687097656,920,1,"Trig. 920"
688490234,720,1,"Trig. 720"
689187500,820,1,"Trig. 820"
689884766,920,1,"Trig. 920"
691324219,711,1,"Trig. 711"
692019531,811,1,"Trig. 811"
692716797,911,1,"Trig. 911"
694109375,721,1,"Trig. 721"
694806641,821,1,"Trig. 821"
695503906,921,1,"Trig. 921"
696943359,720,1,"Trig. 720"
697638672,820,1,"Trig. 820"
698335938,920,1,"Trig. 920"
699728516,720,1,"Trig. 720"
700425781,820,1,"Trig. 820"
701123047,920,1,"Trig. 920"
702562500,711,1,"Trig. 711"
703257813,811,1,"Trig. 811"
703955078,911,1,"Trig. 911"
705347656,710,1,"Trig. 710"
706044922,810,1,"Trig. 810"
706742188,910,1,"Trig. 910"
708181641,710,1,"Trig. 710"
708876953,810,1,"Trig. 810"
709574219,910,1,"Trig. 910"
710966797,721,1,"Trig. 721"
711664063,821,1,"Trig. 821"
712361328,921,1,"Trig. 921"
713800781,720,1,"Trig. 720"
714496094,820,1,"Trig. 820"
715193359,920,1,"Trig. 920"
716585938,711,1,"Trig. 711"
717283203,811,1,"Trig. 811"
717980469,911,1,"Trig. 911"
719419922,710,1,"Trig. 710"
720115234,810,1,"Trig. 810"
720812500,910,1,"Trig. 910"
722205078,710,1,"Trig. 710"
722902344,810,1,"Trig. 810"
723599609,910,1,"Trig. 910"
725039063,721,1,"Trig. 721"
725734375,821,1,"Trig. 821"
726431641,921,1,"Trig. 921"
727824219,720,1,"Trig. 720"
728521484,820,1,"Trig. 820"
729218750,920,1,"Trig. 920"
730658203,711,1,"Trig. 711"
731353516,811,1,"Trig. 811"
732050781,911,1,"Trig. 911"
733443359,710,1,"Trig. 710"
734140625,810,1,"Trig. 810"
734837891,910,1,"Trig. 910"
736277344,721,1,"Trig. 721"
736972656,821,1,"Trig. 821"
737669922,921,1,"Trig. 921"
739062500,720,1,"Trig. 720"
739759766,820,1,"Trig. 820"
740457031,920,1,"Trig. 920"
741896484,711,1,"Trig. 711"
742591797,811,1,"Trig. 811"
743289063,911,1,"Trig. 911"
744681641,721,1,"Trig. 721"
745378906,821,1,"Trig. 821"
746076172,921,1,"Trig. 921"
747515625,720,1,"Trig. 720"
748210938,820,1,"Trig. 820"
748908203,920,1,"Trig. 920"
750300781,720,1,"Trig. 720"
750998047,820,1,"Trig. 820"
751695313,920,1,"Trig. 920"
753134766,720,1,"Trig. 720"
753830078,820,1,"Trig. 820"
754527344,920,1,"Trig. 920"
755966797,711,1,"Trig. 711"
756617188,811,1,"Trig. 811"
757314453,911,1,"Trig. 911"
758753906,721,1,"Trig. 721"
759449219,821,1,"Trig. 821"
761539063,711,1,"Trig. 711"
762236328,811,1,"Trig. 811"
762933594,911,1,"Trig. 911"
764373047,721,1,"Trig. 721"
765068359,821,1,"Trig. 821"
765765625,921,1,"Trig. 921"
767205078,720,1,"Trig. 720"
767855469,820,1,"Trig. 820"
768552734,920,1,"Trig. 920"
769992188,720,1,"Trig. 720"
771384766,920,1,"Trig. 920"
772777344,720,1,"Trig. 720"
773474609,820,1,"Trig. 820"
774171875,920,1,"Trig. 920"
775611328,711,1,"Trig. 711"
776306641,811,1,"Trig. 811"
777003906,911,1,"Trig. 911"
778443359,710,1,"Trig. 710"
779093750,810,1,"Trig. 810"
779791016,910,1,"Trig. 910"
781230469,710,1,"Trig. 710"
781925781,810,1,"Trig. 810"
784062500,710,1,"Trig. 710"
784712891,810,1,"Trig. 810"
785455078,910,1,"Trig. 910"
786849609,710,1,"Trig. 710"
787544922,810,1,"Trig. 810"
788242188,910,1,"Trig. 910"
789681641,721,1,"Trig. 721"
790332031,821,1,"Trig. 821"
791074219,921,1,"Trig. 921"
792468750,720,1,"Trig. 720"
793164063,820,1,"Trig. 820"
793861328,920,1,"Trig. 920"
795300781,711,1,"Trig. 711"
795951172,811,1,"Trig. 811"
796693359,911,1,"Trig. 911"
798087891,710,1,"Trig. 710"
798783203,810,1,"Trig. 810"
799480469,910,1,"Trig. 910"
800919922,710,1,"Trig. 710"
801570313,810,1,"Trig. 810"
802312500,910,1,"Trig. 910"
803707031,710,1,"Trig. 710"
804402344,810,1,"Trig. 810"
805099609,910,1,"Trig. 910"
806539063,721,1,"Trig. 721"
807189453,821,1,"Trig. 821"
807931641,921,1,"Trig. 921"
809371094,720,1,"Trig. 720"
810021484,820,1,"Trig. 820"
810718750,920,1,"Trig. 920"
812158203,711,1,"Trig. 711"
812855469,811,1,"Trig. 811"
813550781,911,1,"Trig. 911"
814990234,721,1,"Trig. 721"
815640625,821,1,"Trig. 821"
816384766,921,1,"Trig. 921"
817777344,711,1,"Trig. 711"
818474609,811,1,"Trig. 811"
819169922,911,1,"Trig. 911"
820609375,710,1,"Trig. 710"
821306641,810,1,"Trig. 810"
822003906,910,1,"Trig. 910"
823396484,710,1,"Trig. 710"
824093750,810,1,"Trig. 810"
824789063,910,1,"Trig. 910"
826228516,710,1,"Trig. 710"
826925781,810,1,"Trig. 810"
827623047,910,1,"Trig. 910"
829015625,721,1,"Trig. 721"
829712891,821,1,"Trig. 821"
830408203,921,1,"Trig. 921"
831802734,711,1,"Trig. 711"
832544922,811,1,"Trig. 811"
833242188,911,1,"Trig. 911"
834634766,710,1,"Trig. 710"
835332031,810,1,"Trig. 810"
836027344,910,1,"Trig. 910"
837466797,721,1,"Trig. 721"
838164063,821,1,"Trig. 821"
838861328,921,1,"Trig. 921"
840253906,720,1,"Trig. 720"
840951172,820,1,"Trig. 820"
841646484,920,1,"Trig. 920"
843085938,720,1,"Trig. 720"
843783203,820,1,"Trig. 820"
844480469,920,1,"Trig. 920"
845873047,720,1,"Trig. 720"
846570313,820,1,"Trig. 820"
847265625,920,1,"Trig. 920"
848705078,720,1,"Trig. 720"
850099609,920,1,"Trig. 920"
851492188,711,1,"Trig. 711"
852189453,811,1,"Trig. 811"
852884766,911,1,"Trig. 911"
854324219,710,1,"Trig. 710"
855021484,810,1,"Trig. 810"
855718750,910,1,"Trig. 910"
857111328,721,1,"Trig. 721"
857808594,821,1,"Trig. 821"
858503906,921,1,"Trig. 921"
859943359,720,1,"Trig. 720"
860640625,820,1,"Trig. 820"
862730469,711,1,"Trig. 711"
863427734,811,1,"Trig. 811"
864123047,911,1,"Trig. 911"
865562500,710,1,"Trig. 710"
866259766,810,1,"Trig. 810"
866957031,910,1,"Trig. 910"
868396484,710,1,"Trig. 710"
869091797,810,1,"Trig. 810"
869789063,910,1,"Trig. 910"
871181641,710,1,"Trig. 710"
871878906,810,1,"Trig. 810"
872576172,910,1,"Trig. 910"
874017578,721,1,"Trig. 721"
874714844,821,1,"Trig. 821"
877501953,821,1,"Trig. 821"
878197266,921,1,"Trig. 921"
879636719,720,1,"Trig. 720"
880333984,820,1,"Trig. 820"
881031250,920,1,"Trig. 920"
882470703,720,1,"Trig. 720"
883121094,820,1,"Trig. 820"
883863281,920,1,"Trig. 920"
885255859,720,1,"Trig. 720"
885953125,820,1,"Trig. 820"
886650391,920,1,"Trig. 920"
888042969,720,1,"Trig. 720"
888740234,820,1,"Trig. 820"
889482422,920,1,"Trig. 920"
890921875,720,1,"Trig. 720"
891572266,820,1,"Trig. 820"
892269531,920,1,"Trig. 920"
893708984,711,1,"Trig. 711"
894404297,811,1,"Trig. 811"
895101563,911,1,"Trig. 911"
896541016,710,1,"Trig. 710"
897238281,810,1,"Trig. 810"
897933594,910,1,"Trig. 910"
899328125,721,1,"Trig. 721"
900023438,821,1,"Trig. 821"
900720703,921,1,"Trig. 921"
902160156,720,1,"Trig. 720"
902857422,820,1,"Trig. 820"
903552734,920,1,"Trig. 920"
904947266,720,1,"Trig. 720"
905642578,820,1,"Trig. 820"
907779297,711,1,"Trig. 711"
908476563,811,1,"Trig. 811"
909171875,911,1,"Trig. 911"
910566406,710,1,"Trig. 710"
911261719,810,1,"Trig. 810"
911958984,910,1,"Trig. 910"
913398438,721,1,"Trig. 721"
914095703,821,1,"Trig. 821"
914791016,921,1,"Trig. 921"
916230469,720,1,"Trig. 720"
916880859,820,1,"Trig. 820"
917578125,920,1,"Trig. 920"
919017578,720,1,"Trig. 720"
919714844,820,1,"Trig. 820"
920410156,920,1,"Trig. 920"
921804688,711,1,"Trig. 711"
922500000,811,1,"Trig. 811"
923197266,911,1,"Trig. 911"
924636719,710,1,"Trig. 710"
925333984,810,1,"Trig. 810"
926029297,910,1,"Trig. 910"
927468750,710,1,"Trig. 710"
928119141,810,1,"Trig. 810"
930255859,710,1,"Trig. 710"
930953125,810,1,"Trig. 810"
931648438,910,1,"Trig. 910"
933087891,721,1,"Trig. 721"
933785156,821,1,"Trig. 821"
934482422,921,1,"Trig. 921"
935875000,720,1,"Trig. 720"
936572266,820,1,"Trig. 820"
938707031,711,1,"Trig. 711"
939404297,811,1,"Trig. 811"
940101563,911,1,"Trig. 911"
941494141,710,1,"Trig. 710"
942191406,810,1,"Trig. 810"
942886719,910,1,"Trig. 910"
944326172,721,1,"Trig. 721"
945023438,821,1,"Trig. 821"
945720703,921,1,"Trig. 921"
947160156,720,1,"Trig. 720"
947810547,820,1,"Trig. 820"
948505859,920,1,"Trig. 920"
949945313,720,1,"Trig. 720"
950642578,820,1,"Trig. 820"
951339844,920,1,"Trig. 920"
952779297,711,1,"Trig. 711"
953429688,811,1,"Trig. 811"
954171875,911,1,"Trig. 911"
955564453,710,1,"Trig. 710"
956261719,810,1,"Trig. 810"
956958984,910,1,"Trig. 910"
958398438,710,1,"Trig. 710"
959048828,810,1,"Trig. 810"
959791016,910,1,"Trig. 910"
961183594,721,1,"Trig. 721"
961880859,821,1,"Trig. 821"
962578125,921,1,"Trig. 921"
964017578,720,1,"Trig. 720"
964667969,820,1,"Trig. 820"
965410156,920,1,"Trig. 920"
966802734,720,1,"Trig. 720"
967500000,820,1,"Trig. 820"
968197266,920,1,"Trig. 920"
969589844,711,1,"Trig. 711"
970287109,811,1,"Trig. 811"
971029297,911,1,"Trig. 911"
972421875,710,1,"Trig. 710"
973119141,810,1,"Trig. 810"
973816406,910,1,"Trig. 910"
975255859,721,1,"Trig. 721"
975951172,821,1,"Trig. 821"
976648438,921,1,"Trig. 921"
978041016,711,1,"Trig. 711"
978738281,811,1,"Trig. 811"
979435547,911,1,"Trig. 911"
980828125,710,1,"Trig. 710"
981570313,810,1,"Trig. 810"
982267578,910,1,"Trig. 910"
983660156,710,1,"Trig. 710"
984357422,810,1,"Trig. 810"
985054688,910,1,"Trig. 910"
986494141,721,1,"Trig. 721"
987189453,821,1,"Trig. 821"
987886719,921,1,"Trig. 921"
989279297,720,1,"Trig. 720"
989976563,820,1,"Trig. 820"
990673828,920,1,"Trig. 920"
992066406,720,1,"Trig. 720"
992808594,820,1,"Trig. 820"
993505859,920,1,"Trig. 920"
994898438,720,1,"Trig. 720"
995595703,820,1,"Trig. 820"
996292969,920,1,"Trig. 920"
997732422,711,1,"Trig. 711"
999125000,911,1,"Trig. 911"
1000517578,721,1,"Trig. 721"
1001214844,821,1,"Trig. 821"
1001912109,921,1,"Trig. 921"
1003351563,720,1,"Trig. 720"
1004046875,820,1,"Trig. 820"
1004744141,920,1,"Trig. 920"
1006136719,720,1,"Trig. 720"
1006833984,820,1,"Trig. 820"
1007531250,920,1,"Trig. 920"
1008970703,720,1,"Trig. 720"
1009666016,820,1,"Trig. 820"
1010363281,920,1,"Trig. 920"
1011755859,711,1,"Trig. 711"
1012453125,811,1,"Trig. 811"
1013150391,911,1,"Trig. 911"
1014589844,710,1,"Trig. 710"
1015285156,810,1,"Trig. 810"
1015982422,910,1,"Trig. 910"
1017375000,721,1,"Trig. 721"
1018072266,821,1,"Trig. 821"
1018769531,921,1,"Trig. 921"
1020208984,720,1,"Trig. 720"
1020904297,820,1,"Trig. 820"
1021601563,920,1,"Trig. 920"
1022994141,711,1,"Trig. 711"
1023691406,811,1,"Trig. 811"
1024388672,911,1,"Trig. 911"
1025828125,710,1,"Trig. 710"
1027220703,910,1,"Trig. 910"
1028613281,710,1,"Trig. 710"
1029310547,810,1,"Trig. 810"
1030007813,910,1,"Trig. 910"
1031447266,721,1,"Trig. 721"
1032142578,821,1,"Trig. 821"
1032839844,921,1,"Trig. 921"
1034279297,711,1,"Trig. 711"
1035626953,911,1,"Trig. 911"
1037066406,710,1,"Trig. 710"
1037761719,810,1,"Trig. 810"
1038458984,910,1,"Trig. 910"
1039898438,721,1,"Trig. 721"
1040595703,821,1,"Trig. 821"
1041291016,921,1,"Trig. 921"
1042730469,720,1,"Trig. 720"
1043427734,820,1,"Trig. 820"
1044125000,920,1,"Trig. 920"
1045517578,711,1,"Trig. 711"
1046214844,811,1,"Trig. 811"
1046910156,911,1,"Trig. 911"
1048349609,710,1,"Trig. 710"
1049046875,810,1,"Trig. 810"
1051136719,721,1,"Trig. 721"
1051833984,821,1,"Trig. 821"
1052529297,921,1,"Trig. 921"
1053968750,720,1,"Trig. 720"
1054666016,820,1,"Trig. 820"
1055363281,920,1,"Trig. 920"
1056755859,720,1,"Trig. 720"
1057453125,820,1,"Trig. 820"
1058148438,920,1,"Trig. 920"
1060238281,820,1,"Trig. 820"
1062375000,720,1,"Trig. 720"
1063072266,820,1,"Trig. 820"
1063767578,920,1,"Trig. 920"
1065207031,711,1,"Trig. 711"
1065904297,811,1,"Trig. 811"
1066601563,911,1,"Trig. 911"
1067994141,710,1,"Trig. 710"
1069386719,910,1,"Trig. 910"
1070826172,721,1,"Trig. 721"
1071523438,821,1,"Trig. 821"
1072220703,921,1,"Trig. 921"
1073613281,720,1,"Trig. 720"
1075005859,920,1,"Trig. 920"
1076445313,720,1,"Trig. 720"
1077142578,820,1,"Trig. 820"
1077839844,920,1,"Trig. 920"
1079279297,720,1,"Trig. 720"
1079929688,820,1,"Trig. 820"
1080625000,920,1,"Trig. 920"
1082064453,720,1,"Trig. 720"
1082761719,820,1,"Trig. 820"
1083458984,920,1,"Trig. 920"
1084121094,711,1,"Trig. 711"
1084818359,811,1,"Trig. 811"
1085515625,911,1,"Trig. 911"
1086955078,721,1,"Trig. 721"
1087650391,821,1,"Trig. 821"
1088347656,921,1,"Trig. 921"
1089740234,720,1,"Trig. 720"
1090437500,820,1,"Trig. 820"
1091134766,920,1,"Trig. 920"
1092574219,720,1,"Trig. 720"
1093269531,820,1,"Trig. 820"
1093966797,920,1,"Trig. 920"
1095359375,711,1,"Trig. 711"
1096056641,811,1,"Trig. 811"
1096753906,911,1,"Trig. 911"
1098193359,710,1,"Trig. 710"
1098888672,810,1,"Trig. 810"
1099585938,910,1,"Trig. 910"
1100978516,710,1,"Trig. 710"
1101675781,810,1,"Trig. 810"
1102373047,910,1,"Trig. 910"
1103812500,710,1,"Trig. 710"
1104507813,810,1,"Trig. 810"
1105205078,910,1,"Trig. 910"
1106597656,721,1,"Trig. 721"
1107294922,821,1,"Trig. 821"
1107992188,921,1,"Trig. 921"
1109431641,720,1,"Trig. 720"
1110126953,820,1,"Trig. 820"
1110824219,920,1,"Trig. 920"
1112216797,711,1,"Trig. 711"
1112914063,811,1,"Trig. 811"
1113611328,911,1,"Trig. 911"
1115050781,721,1,"Trig. 721"
1115746094,821,1,"Trig. 821"
1116443359,921,1,"Trig. 921"
1117835938,711,1,"Trig. 711"
1118533203,811,1,"Trig. 811"
1119230469,911,1,"Trig. 911"
1120669922,710,1,"Trig. 710"
1121365234,810,1,"Trig. 810"
1122062500,910,1,"Trig. 910"
1123501953,710,1,"Trig. 710"
1124199219,810,1,"Trig. 810"
1124894531,910,1,"Trig. 910"
1126289063,721,1,"Trig. 721"
1126984375,821,1,"Trig. 821"
1127681641,921,1,"Trig. 921"
1129121094,711,1,"Trig. 711"
1129818359,811,1,"Trig. 811"
1131953125,721,1,"Trig. 721"
1132603516,821,1,"Trig. 821"
1133300781,921,1,"Trig. 921"
1134740234,720,1,"Trig. 720"
1135437500,820,1,"Trig. 820"
1136132813,920,1,"Trig. 920"
1137527344,711,1,"Trig. 711"
1138222656,811,1,"Trig. 811"
1138919922,911,1,"Trig. 911"
1140359375,721,1,"Trig. 721"
1141056641,821,1,"Trig. 821"
1141751953,921,1,"Trig. 921"
1143191406,711,1,"Trig. 711"
1143841797,811,1,"Trig. 811"
1144539063,911,1,"Trig. 911"
1146675781,811,1,"Trig. 811"
1147371094,911,1,"Trig. 911"
1148765625,710,1,"Trig. 710"
1149460938,810,1,"Trig. 810"
1150205078,910,1,"Trig. 910"
1151597656,721,1,"Trig. 721"
1152294922,821,1,"Trig. 821"
1152990234,921,1,"Trig. 921"
1154429688,720,1,"Trig. 720"
1155080078,820,1,"Trig. 820"
1155824219,920,1,"Trig. 920"
1157216797,711,1,"Trig. 711"
1157914063,811,1,"Trig. 811"
1158609375,911,1,"Trig. 911"
1160048828,710,1,"Trig. 710"
1160746094,810,1,"Trig. 810"
1161443359,910,1,"Trig. 910"
1162835938,710,1,"Trig. 710"
1163533203,810,1,"Trig. 810"
1164228516,910,1,"Trig. 910"
1165667969,721,1,"Trig. 721"
1166365234,821,1,"Trig. 821"
1167062500,921,1,"Trig. 921"
1168455078,711,1,"Trig. 711"
1169152344,811,1,"Trig. 811"
1169847656,911,1,"Trig. 911"
1171984375,811,1,"Trig. 811"
1172681641,911,1,"Trig. 911"
1174074219,710,1,"Trig. 710"
1174771484,810,1,"Trig. 810"
1175466797,910,1,"Trig. 910"
1176906250,710,1,"Trig. 710"
1178300781,910,1,"Trig. 910"
1179693359,710,1,"Trig. 710"
1180390625,810,1,"Trig. 810"
1181085938,910,1,"Trig. 910"
1182525391,721,1,"Trig. 721"
1183222656,821,1,"Trig. 821"
1183919922,921,1,"Trig. 921"
1185312500,711,1,"Trig. 711"
1186009766,811,1,"Trig. 811"
1186705078,911,1,"Trig. 911"
1188144531,710,1,"Trig. 710"
1188841797,810,1,"Trig. 810"
1189539063,910,1,"Trig. 910"
1190931641,710,1,"Trig. 710"
1191628906,810,1,"Trig. 810"
1192324219,910,1,"Trig. 910"
1193763672,710,1,"Trig. 710"
1196550781,721,1,"Trig. 721"
1197248047,821,1,"Trig. 821"
1197943359,921,1,"Trig. 921"
1199382813,720,1,"Trig. 720"
1200080078,820,1,"Trig. 820"
1200777344,920,1,"Trig. 920"
1202216797,720,1,"Trig. 720"
1203609375,920,1,"Trig. 920"
1205001953,711,1,"Trig. 711"
1206396484,911,1,"Trig. 911"
1207835938,710,1,"Trig. 710"
1208531250,810,1,"Trig. 810"
1209228516,910,1,"Trig. 910"
1210621094,710,1,"Trig. 710"
1211318359,810,1,"Trig. 810"
1212015625,910,1,"Trig. 910"
1213455078,721,1,"Trig. 721"
1214150391,821,1,"Trig. 821"
1214847656,921,1,"Trig. 921"
1216240234,720,1,"Trig. 720"
1216937500,820,1,"Trig. 820"
1217634766,920,1,"Trig. 920"
1219074219,720,1,"Trig. 720"
1219769531,820,1,"Trig. 820"
1220466797,920,1,"Trig. 920"
1221859375,711,1,"Trig. 711"
1222556641,811,1,"Trig. 811"
1223253906,911,1,"Trig. 911"
1224693359,710,1,"Trig. 710"
1225388672,810,1,"Trig. 810"
1226085938,910,1,"Trig. 910"
1227478516,721,1,"Trig. 721"
1228175781,821,1,"Trig. 821"
1230312500,720,1,"Trig. 720"
1231007813,820,1,"Trig. 820"
1231705078,920,1,"Trig. 920"
1233097656,711,1,"Trig. 711"
1233794922,811,1,"Trig. 811"
1234492188,911,1,"Trig. 911"
1235931641,710,1,"Trig. 710"
1236626953,810,1,"Trig. 810"
1238716797,721,1,"Trig. 721"
1239414063,821,1,"Trig. 821"
1240111328,921,1,"Trig. 921"
1241550781,720,1,"Trig. 720"
1242246094,820,1,"Trig. 820"
1242943359,920,1,"Trig. 920"
1244382813,711,1,"Trig. 711"
1245033203,811,1,"Trig. 811"
1245730469,911,1,"Trig. 911"
1247169922,710,1,"Trig. 710"
1247865234,810,1,"Trig. 810"
1248562500,910,1,"Trig. 910"
1250001953,721,1,"Trig. 721"
1250652344,821,1,"Trig. 821"
1251349609,921,1,"Trig. 921"
1252789063,720,1,"Trig. 720"
1253484375,820,1,"Trig. 820"
1254181641,920,1,"Trig. 920"
1255621094,720,1,"Trig. 720"
1256318359,820,1,"Trig. 820"
1257013672,920,1,"Trig. 920"
1258408203,720,1,"Trig. 720"
1259103516,820,1,"Trig. 820"
1259800781,920,1,"Trig. 920"
1261240234,720,1,"Trig. 720"
1261937500,820,1,"Trig. 820"
1264072266,711,1,"Trig. 711"
1264722656,811,1,"Trig. 811"
1265419922,911,1,"Trig. 911"
1266859375,710,1,"Trig. 710"
1268251953,910,1,"Trig. 910"
1269691406,710,1,"Trig. 710"
1272478516,710,1,"Trig. 710"
1273175781,810,1,"Trig. 810"
1273871094,910,1,"Trig. 910"
1275310547,710,1,"Trig. 710"
1275960938,810,1,"Trig. 810"
1276658203,910,1,"Trig. 910"
1278097656,710,1,"Trig. 710"
1278794922,810,1,"Trig. 810"
1279490234,910,1,"Trig. 910"
1280929688,710,1,"Trig. 710"
1281626953,810,1,"Trig. 810"
1283716797,710,1,"Trig. 710"
1284414063,810,1,"Trig. 810"
1285109375,910,1,"Trig. 910"
1286548828,710,1,"Trig. 710"
1287246094,810,1,"Trig. 810"
1287943359,910,1,"Trig. 910"
1289335938,710,1,"Trig. 710"
1290033203,810,1,"Trig. 810"
1290728516,910,1,"Trig. 910"
1292167969,710,1,"Trig. 710"
1292865234,810,1,"Trig. 810"
1293562500,910,1,"Trig. 910"
1294406250,710,1,"Trig. 710"
1295103516,810,1,"Trig. 810"
1295800781,910,1,"Trig. 910"
1297240234,710,1,"Trig. 710"
1297935547,810,1,"Trig. 810"
1298632813,910,1,"Trig. 910"
1300072266,710,1,"Trig. 710"
1300722656,810,1,"Trig. 810"
1301419922,910,1,"Trig. 910"
1302859375,721,1,"Trig. 721"
1303554688,821,1,"Trig. 821"
1304251953,921,1,"Trig. 921"
1305644531,720,1,"Trig. 720"
1306341797,820,1,"Trig. 820"
1307039063,920,1,"Trig. 920"
1308478516,711,1,"Trig. 711"
1309173828,811,1,"Trig. 811"
1309871094,911,1,"Trig. 911"
1311310547,710,1,"Trig. 710"
1311960938,810,1,"Trig. 810"
1312658203,910,1,"Trig. 910"
1314097656,710,1,"Trig. 710"
1314792969,810,1,"Trig. 810"
1315490234,910,1,"Trig. 910"
1316929688,721,1,"Trig. 721"
1317580078,821,1,"Trig. 821"
1318277344,921,1,"Trig. 921"
1319716797,711,1,"Trig. 711"
1320412109,811,1,"Trig. 811"
1321109375,911,1,"Trig. 911"
1322548828,721,1,"Trig. 721"
1323199219,821,1,"Trig. 821"
1323896484,921,1,"Trig. 921"
1325335938,720,1,"Trig. 720"
1326031250,820,1,"Trig. 820"
1326728516,920,1,"Trig. 920"
1328167969,720,1,"Trig. 720"
1328818359,820,1,"Trig. 820"
1329560547,920,1,"Trig. 920"
1330955078,711,1,"Trig. 711"
1331650391,811,1,"Trig. 811"
1332347656,911,1,"Trig. 911"
1333787109,710,1,"Trig. 710"
1335179688,910,1,"Trig. 910"
1336574219,721,1,"Trig. 721"
1337269531,821,1,"Trig. 821"
1337966797,921,1,"Trig. 921"
1339406250,720,1,"Trig. 720"
1340103516,820,1,"Trig. 820"
1340798828,920,1,"Trig. 920"
1342193359,720,1,"Trig. 720"
1342888672,820,1,"Trig. 820"
1343585938,920,1,"Trig. 920"
1345025391,720,1,"Trig. 720"
1345722656,820,1,"Trig. 820"
1347812500,711,1,"Trig. 711"
1348507813,811,1,"Trig. 811"
1349205078,911,1,"Trig. 911"
1350644531,710,1,"Trig. 710"
1351341797,810,1,"Trig. 810"
1352037109,910,1,"Trig. 910"
1353431641,721,1,"Trig. 721"
1354126953,821,1,"Trig. 821"
1354824219,921,1,"Trig. 921"
1356263672,720,1,"Trig. 720"
1356960938,820,1,"Trig. 820"
1357656250,920,1,"Trig. 920"
1359050781,720,1,"Trig. 720"
1359746094,820,1,"Trig. 820"
1360443359,920,1,"Trig. 920"
1361882813,711,1,"Trig. 711"
1362580078,811,1,"Trig. 811"
1363275391,911,1,"Trig. 911"
1364669922,710,1,"Trig. 710"
1365365234,810,1,"Trig. 810"
1366062500,910,1,"Trig. 910"
1368199219,810,1,"Trig. 810"
1368894531,910,1,"Trig. 910"
1370289063,710,1,"Trig. 710"
1370984375,810,1,"Trig. 810"
1371681641,910,1,"Trig. 910"
1373121094,710,1,"Trig. 710"
1373818359,810,1,"Trig. 810"
1374513672,910,1,"Trig. 910"
1375908203,721,1,"Trig. 721"
1376603516,821,1,"Trig. 821"
1377300781,921,1,"Trig. 921"
1378740234,720,1,"Trig. 720"
1379437500,820,1,"Trig. 820"
1380132813,920,1,"Trig. 920"
1381527344,720,1,"Trig. 720"
1382222656,820,1,"Trig. 820"
1382919922,920,1,"Trig. 920"
1384359375,720,1,"Trig. 720"
1385056641,820,1,"Trig. 820"
1385751953,920,1,"Trig. 920"
1387146484,720,1,"Trig. 720"
1387841797,820,1,"Trig. 820"
1388539063,920,1,"Trig. 920"
1389978516,711,1,"Trig. 711"
1390675781,811,1,"Trig. 811"
1391371094,911,1,"Trig. 911"
1392765625,710,1,"Trig. 710"
1393460938,810,1,"Trig. 810"
1394158203,910,1,"Trig. 910"
1395597656,721,1,"Trig. 721"
1396294922,821,1,"Trig. 821"
1396990234,921,1,"Trig. 921"
1398384766,711,1,"Trig. 711"
1399080078,811,1,"Trig. 811"
1399777344,911,1,"Trig. 911"
1401216797,721,1,"Trig. 721"
1401914063,821,1,"Trig. 821"
1402609375,921,1,"Trig. 921"
1404048828,720,1,"Trig. 720"
1404699219,820,1,"Trig. 820"
1405396484,920,1,"Trig. 920"
1406835938,711,1,"Trig. 711"
1407533203,811,1,"Trig. 811"
1409667969,721,1,"Trig. 721"
1410365234,821,1,"Trig. 821"
1411062500,921,1,"Trig. 921"
1412455078,711,1,"Trig. 711"
1413152344,811,1,"Trig. 811"
1413847656,911,1,"Trig. 911"
1415287109,721,1,"Trig. 721"
1415984375,821,1,"Trig. 821"
1416681641,921,1,"Trig. 921"
1418074219,720,1,"Trig. 720"
1418771484,820,1,"Trig. 820"
1419466797,920,1,"Trig. 920"
1420906250,720,1,"Trig. 720"
1421603516,820,1,"Trig. 820"
1422300781,920,1,"Trig. 920"
1423740234,720,1,"Trig. 720"
1425132813,920,1,"Trig. 920"
1426525391,720,1,"Trig. 720"
1427222656,820,1,"Trig. 820"
1427919922,920,1,"Trig. 920"
1429359375,711,1,"Trig. 711"
1430054688,811,1,"Trig. 811"
1430751953,911,1,"Trig. 911"
1432144531,710,1,"Trig. 710"
1432841797,810,1,"Trig. 810"
1433539063,910,1,"Trig. 910"
1435673828,810,1,"Trig. 810"
1436371094,910,1,"Trig. 910"
1437763672,710,1,"Trig. 710"
1438460938,810,1,"Trig. 810"
1439158203,910,1,"Trig. 910"
1440597656,710,1,"Trig. 710"
1441292969,810,1,"Trig. 810"
1441990234,910,1,"Trig. 910"
1443382813,710,1,"Trig. 710"
1444777344,910,1,"Trig. 910"
1446216797,721,1,"Trig. 721"
1446912109,821,1,"Trig. 821"
1447609375,921,1,"Trig. 921"
1449048828,720,1,"Trig. 720"
1449746094,820,1,"Trig. 820"
1450443359,920,1,"Trig. 920"
1451835938,711,1,"Trig. 711"
1452531250,811,1,"Trig. 811"
1453228516,911,1,"Trig. 911"
1454667969,710,1,"Trig. 710"
1455365234,810,1,"Trig. 810"
1456062500,910,1,"Trig. 910"
1457455078,710,1,"Trig. 710"
1458150391,810,1,"Trig. 810"
1458847656,910,1,"Trig. 910"
1460287109,721,1,"Trig. 721"
1460984375,821,1,"Trig. 821"
1461679688,921,1,"Trig. 921"
1463074219,711,1,"Trig. 711"
1463769531,811,1,"Trig. 811"
1464466797,911,1,"Trig. 911"
1465906250,710,1,"Trig. 710"
1466603516,810,1,"Trig. 810"
1467298828,910,1,"Trig. 910"
1468693359,721,1,"Trig. 721"
1469388672,821,1,"Trig. 821"
1470085938,921,1,"Trig. 921"
1471525391,711,1,"Trig. 711"
1472222656,811,1,"Trig. 811"
1472917969,911,1,"Trig. 911"
1474359375,710,1,"Trig. 710"
1475007813,810,1,"Trig. 810"
1475705078,910,1,"Trig. 910"
1477144531,721,1,"Trig. 721"
1477841797,821,1,"Trig. 821"
1478537109,921,1,"Trig. 921"
1479931641,720,1,"Trig. 720"
1480626953,820,1,"Trig. 820"
1481324219,920,1,"Trig. 920"
1482763672,720,1,"Trig. 720"
1483460938,820,1,"Trig. 820"
1484156250,920,1,"Trig. 920"
1485597656,711,1,"Trig. 711"
1486246094,811,1,"Trig. 811"
1486943359,911,1,"Trig. 911"
1488382813,721,1,"Trig. 721"
1489080078,821,1,"Trig. 821"
1489775391,921,1,"Trig. 921"
1491216797,720,1,"Trig. 720"
1491865234,820,1,"Trig. 820"
1492562500,920,1,"Trig. 920"
1494001953,711,1,"Trig. 711"
1494699219,811,1,"Trig. 811"
1495394531,911,1,"Trig. 911"
1496789063,710,1,"Trig. 710"
1497484375,810,1,"Trig. 810"
1498228516,910,1,"Trig. 910"
1499621094,710,1,"Trig. 710"
1500318359,810,1,"Trig. 810"
1501013672,910,1,"Trig. 910"
1502455078,710,1,"Trig. 710"
1503847656,910,1,"Trig. 910"
1505429688,721,1,"Trig. 721"
1506125000,821,1,"Trig. 821"
1506822266,921,1,"Trig. 921"
1508214844,711,1,"Trig. 711"
1508912109,811,1,"Trig. 811"
1509609375,911,1,"Trig. 911"
1511048828,710,1,"Trig. 710"
1511744141,810,1,"Trig. 810"
1512441406,910,1,"Trig. 910"
1513833984,710,1,"Trig. 710"
1514531250,810,1,"Trig. 810"
1515228516,910,1,"Trig. 910"
1516667969,721,1,"Trig. 721"
1517363281,821,1,"Trig. 821"
1518060547,921,1,"Trig. 921"
1519453125,720,1,"Trig. 720"
1520847656,920,1,"Trig. 920"
1522287109,711,1,"Trig. 711"
1522982422,811,1,"Trig. 811"
1523679688,911,1,"Trig. 911"
1525119141,710,1,"Trig. 710"
1525769531,810,1,"Trig. 810"
1526466797,910,1,"Trig. 910"
1527906250,710,1,"Trig. 710"
1528601563,810,1,"Trig. 810"
1531435547,810,1,"Trig. 810"
1532130859,910,1,"Trig. 910"
1533525391,710,1,"Trig. 710"
1534220703,810,1,"Trig. 810"
1534917969,910,1,"Trig. 910"
1536357422,710,1,"Trig. 710"
1537054688,810,1,"Trig. 810"
1539144531,710,1,"Trig. 710"
1539839844,810,1,"Trig. 810"
1540537109,910,1,"Trig. 910"
1541976563,710,1,"Trig. 710"
1542673828,810,1,"Trig. 810"
1543369141,910,1,"Trig. 910"
1544763672,721,1,"Trig. 721"
1545458984,821,1,"Trig. 821"
1546156250,921,1,"Trig. 921"
1547595703,720,1,"Trig. 720"
1548292969,820,1,"Trig. 820"
1548988281,920,1,"Trig. 920"
1550382813,720,1,"Trig. 720"
1551078125,820,1,"Trig. 820"
1551775391,920,1,"Trig. 920"
1553214844,711,1,"Trig. 711"
1553912109,811,1,"Trig. 811"
1554607422,911,1,"Trig. 911"
1556001953,710,1,"Trig. 710"
1556697266,810,1,"Trig. 810"
1557394531,910,1,"Trig. 910"
1558833984,721,1,"Trig. 721"
1559531250,821,1,"Trig. 821"
1560226563,921,1,"Trig. 921"
1561666016,720,1,"Trig. 720"
1562316406,820,1,"Trig. 820"
1563013672,920,1,"Trig. 920"
1564453125,711,1,"Trig. 711"
1565150391,811,1,"Trig. 811"
1565845703,911,1,"Trig. 911"
1567240234,721,1,"Trig. 721"
1567935547,821,1,"Trig. 821"
1568632813,921,1,"Trig. 921"
1570072266,711,1,"Trig. 711"
1571464844,911,1,"Trig. 911"
1572904297,721,1,"Trig. 721"
1573554688,821,1,"Trig. 821"
1574251953,921,1,"Trig. 921"
1575691406,720,1,"Trig. 720"
1576388672,820,1,"Trig. 820"
1577083984,920,1,"Trig. 920"
1578478516,720,1,"Trig. 720"
1579173828,820,1,"Trig. 820"
1579871094,920,1,"Trig. 920"
1581310547,711,1,"Trig. 711"
1582007813,811,1,"Trig. 811"
1584097656,710,1,"Trig. 710"
1584792969,810,1,"Trig. 810"
1585537109,910,1,"Trig. 910"
1586929688,710,1,"Trig. 710"
1587626953,810,1,"Trig. 810"
1589761719,721,1,"Trig. 721"
1590412109,821,1,"Trig. 821"
1591156250,921,1,"Trig. 921"
1592548828,720,1,"Trig. 720"
1593246094,820,1,"Trig. 820"
1593941406,920,1,"Trig. 920"
1595380859,720,1,"Trig. 720"
1596078125,820,1,"Trig. 820"
1598214844,711,1,"Trig. 711"
1599560547,911,1,"Trig. 911"
1.601e+09,710,1,"Trig. 710"
1601697266,810,1,"Trig. 810"
1603787109,721,1,"Trig. 721"
1604484375,821,1,"Trig. 821"
1606619141,720,1,"Trig. 720"
1607316406,820,1,"Trig. 820"
1608013672,920,1,"Trig. 920"
1609453125,720,1,"Trig. 720"
1610103516,820,1,"Trig. 820"
1610845703,920,1,"Trig. 920"
1612238281,711,1,"Trig. 711"
1612935547,811,1,"Trig. 811"
1613632813,911,1,"Trig. 911"
1615025391,721,1,"Trig. 721"
1615722656,821,1,"Trig. 821"
1616464844,921,1,"Trig. 921"
1617857422,720,1,"Trig. 720"
1618554688,820,1,"Trig. 820"
1619251953,920,1,"Trig. 920"
1620691406,711,1,"Trig. 711"
1621341797,811,1,"Trig. 811"
1622083984,911,1,"Trig. 911"
1623476563,710,1,"Trig. 710"
1624173828,810,1,"Trig. 810"
1624871094,910,1,"Trig. 910"
1626310547,721,1,"Trig. 721"
1627005859,821,1,"Trig. 821"
1627703125,921,1,"Trig. 921"
1629142578,711,1,"Trig. 711"
1629792969,811,1,"Trig. 811"
1630490234,911,1,"Trig. 911"
1631929688,721,1,"Trig. 721"
1632625000,821,1,"Trig. 821"
1634714844,720,1,"Trig. 720"
1635412109,820,1,"Trig. 820"
1636109375,920,1,"Trig. 920"
1637548828,711,1,"Trig. 711"
1640380859,710,1,"Trig. 710"
1641031250,810,1,"Trig. 810"
1641728516,910,1,"Trig. 910"
1643167969,721,1,"Trig. 721"
1643863281,821,1,"Trig. 821"
1644560547,921,1,"Trig. 921"
1645953125,711,1,"Trig. 711"
1646650391,811,1,"Trig. 811"
1648787109,721,1,"Trig. 721"
1649482422,821,1,"Trig. 821"
1650179688,921,1,"Trig. 921"
1651572266,720,1,"Trig. 720"
1653011719,920,1,"Trig. 920"
1654406250,720,1,"Trig. 720"
1655101563,820,1,"Trig. 820"
1655798828,920,1,"Trig. 920"
1657238281,711,1,"Trig. 711"
1657935547,811,1,"Trig. 811"
1658630859,911,1,"Trig. 911"
1660025391,710,1,"Trig. 710"
1660720703,810,1,"Trig. 810"
1661417969,910,1,"Trig. 910"
1662857422,721,1,"Trig. 721"
1663554688,821,1,"Trig. 821"
1664250000,921,1,"Trig. 921"
1665644531,720,1,"Trig. 720"
1666339844,820,1,"Trig. 820"
1667037109,920,1,"Trig. 920"
1668476563,711,1,"Trig. 711"
1669173828,811,1,"Trig. 811"
1669869141,911,1,"Trig. 911"
1671263672,710,1,"Trig. 710"
1671958984,810,1,"Trig. 810"
1672656250,910,1,"Trig. 910"
1674095703,721,1,"Trig. 721"
1674792969,821,1,"Trig. 821"
1675488281,921,1,"Trig. 921"
1676882813,720,1,"Trig. 720"
1677578125,820,1,"Trig. 820"
1679714844,720,1,"Trig. 720"
1680412109,820,1,"Trig. 820"
1682501953,720,1,"Trig. 720"
1683197266,820,1,"Trig. 820"
1683894531,920,1,"Trig. 920"
1685333984,711,1,"Trig. 711"
1686031250,811,1,"Trig. 811"
1686726563,911,1,"Trig. 911"
1688121094,710,1,"Trig. 710"
1688816406,810,1,"Trig. 810"
1689513672,910,1,"Trig. 910"
1690953125,710,1,"Trig. 710"
1691650391,810,1,"Trig. 810"
1692345703,910,1,"Trig. 910"
1693740234,721,1,"Trig. 721"
1694435547,821,1,"Trig. 821"
1695132813,921,1,"Trig. 921"
1696572266,711,1,"Trig. 711"
1697964844,911,1,"Trig. 911"
1699359375,710,1,"Trig. 710"
1700054688,810,1,"Trig. 810"
1700751953,910,1,"Trig. 910"
1702191406,710,1,"Trig. 710"
1703583984,910,1,"Trig. 910"
1705025391,710,1,"Trig. 710"
1705720703,810,1,"Trig. 810"
1706417969,910,1,"Trig. 910"
1707810547,710,1,"Trig. 710"
1708507813,810,1,"Trig. 810"
1709203125,910,1,"Trig. 910"
1710644531,710,1,"Trig. 710"
1711339844,810,1,"Trig. 810"
1712037109,910,1,"Trig. 910"
1713476563,721,1,"Trig. 721"
1714173828,821,1,"Trig. 821"
1714869141,921,1,"Trig. 921"
1719898438,720,1,"Trig. 720"
1720548828,820,1,"Trig. 820"
1721292969,920,1,"Trig. 920"
1722685547,720,1,"Trig. 720"
1723382813,820,1,"Trig. 820"
1724078125,920,1,"Trig. 920"
1725472656,720,1,"Trig. 720"
1726167969,820,1,"Trig. 820"
1726912109,920,1,"Trig. 920"
1728304688,720,1,"Trig. 720"
1729001953,820,1,"Trig. 820"
1729697266,920,1,"Trig. 920"
1731136719,720,1,"Trig. 720"
1731833984,820,1,"Trig. 820"
1732531250,920,1,"Trig. 920"
1733923828,720,1,"Trig. 720"
1734621094,820,1,"Trig. 820"
1735316406,920,1,"Trig. 920"
1736755859,720,1,"Trig. 720"
1737406250,820,1,"Trig. 820"
1738150391,920,1,"Trig. 920"
1739542969,720,1,"Trig. 720"
1740240234,820,1,"Trig. 820"
1740935547,920,1,"Trig. 920"
1742375000,720,1,"Trig. 720"
1743072266,820,1,"Trig. 820"
1743769531,920,1,"Trig. 920"
1745162109,720,1,"Trig. 720"
1745859375,820,1,"Trig. 820"
1746601563,920,1,"Trig. 920"
1747994141,720,1,"Trig. 720"
1748691406,820,1,"Trig. 820"
1749388672,920,1,"Trig. 920"
1750828125,720,1,"Trig. 720"
1751478516,820,1,"Trig. 820"
1752220703,920,1,"Trig. 920"
1753613281,720,1,"Trig. 720"
1754310547,820,1,"Trig. 820"
1755007813,920,1,"Trig. 920"
1756447266,720,1,"Trig. 720"
1757097656,820,1,"Trig. 820"
1757839844,920,1,"Trig. 920"
1759232422,720,1,"Trig. 720"
1759929688,820,1,"Trig. 820"
1760626953,920,1,"Trig. 920"
1762066406,720,1,"Trig. 720"
1762761719,820,1,"Trig. 820"
1763458984,920,1,"Trig. 920"
1764851563,720,1,"Trig. 720"
1765548828,820,1,"Trig. 820"
1766246094,920,1,"Trig. 920"
1767685547,720,1,"Trig. 720"
1769078125,920,1,"Trig. 920"
1770470703,720,1,"Trig. 720"
1771167969,820,1,"Trig. 820"
1771910156,920,1,"Trig. 920"
1773304688,720,1,"Trig. 720"
1.774e+09,820,1,"Trig. 820"
1774697266,920,1,"Trig. 920"
1776089844,720,1,"Trig. 720"
1776787109,820,1,"Trig. 820"
1777529297,920,1,"Trig. 920"
1778923828,720,1,"Trig. 720"
1779619141,820,1,"Trig. 820"
1780316406,920,1,"Trig. 920"
1781708984,720,1,"Trig. 720"
1782406250,820,1,"Trig. 820"
1783103516,920,1,"Trig. 920"
1784542969,720,1,"Trig. 720"
1785238281,820,1,"Trig. 820"
1785935547,920,1,"Trig. 920"
1787375000,720,1,"Trig. 720"
1788072266,820,1,"Trig. 820"
1788767578,920,1,"Trig. 920"
1790207031,720,1,"Trig. 720"
1790857422,820,1,"Trig. 820"
1791601563,920,1,"Trig. 920"
1792994141,720,1,"Trig. 720"
1793691406,820,1,"Trig. 820"
1794386719,920,1,"Trig. 920"
1795826172,720,1,"Trig. 720"
1796476563,820,1,"Trig. 820"
1797220703,920,1,"Trig. 920"
1798613281,720,1,"Trig. 720"
1799310547,820,1,"Trig. 820"
1801445313,720,1,"Trig. 720"
1802142578,820,1,"Trig. 820"
1802839844,920,1,"Trig. 920"
1804232422,720,1,"Trig. 720"
1804929688,820,1,"Trig. 820"
1805625000,920,1,"Trig. 920"
1807064453,720,1,"Trig. 720"
1807761719,820,1,"Trig. 820"
1808458984,920,1,"Trig. 920"
1809898438,720,1,"Trig. 720"
1811291016,920,1,"Trig. 920"
1812730469,720,1,"Trig. 720"
1813380859,820,1,"Trig. 820"
1814078125,920,1,"Trig. 920"
1815517578,720,1,"Trig. 720"
1816212891,820,1,"Trig. 820"
1818302734,720,1,"Trig. 720"
1.819e+09,820,1,"Trig. 820"
1819697266,920,1,"Trig. 920"
1821136719,720,1,"Trig. 720"
1821832031,820,1,"Trig. 820"
1822529297,920,1,"Trig. 920"
1823968750,720,1,"Trig. 720"
1824619141,820,1,"Trig. 820"
1825316406,920,1,"Trig. 920"
1826755859,720,1,"Trig. 720"
1827451172,820,1,"Trig. 820"
1828148438,920,1,"Trig. 920"
1829541016,720,1,"Trig. 720"
1830238281,820,1,"Trig. 820"
1830935547,920,1,"Trig. 920"
1832375000,720,1,"Trig. 720"
1833070313,820,1,"Trig. 820"
1833767578,920,1,"Trig. 920"
1835207031,720,1,"Trig. 720"
1835857422,820,1,"Trig. 820"
1836599609,920,1,"Trig. 920"
1837994141,720,1,"Trig. 720"
1838689453,820,1,"Trig. 820"
1839386719,920,1,"Trig. 920"
1840826172,720,1,"Trig. 720"
1841523438,820,1,"Trig. 820"
1843658203,720,1,"Trig. 720"
1844308594,820,1,"Trig. 820"
1845005859,920,1,"Trig. 920"
1846445313,720,1,"Trig. 720"
1847142578,820,1,"Trig. 820"
1847837891,920,1,"Trig. 920"
1849232422,720,1,"Trig. 720"
1849927734,820,1,"Trig. 820"
1850625000,920,1,"Trig. 920"
1852064453,720,1,"Trig. 720"
1852761719,820,1,"Trig. 820"
1853457031,920,1,"Trig. 920"
1854851563,720,1,"Trig. 720"
1855546875,820,1,"Trig. 820"
1856244141,920,1,"Trig. 920"
1857683594,720,1,"Trig. 720"
1858380859,820,1,"Trig. 820"
1859076172,920,1,"Trig. 920"
1860515625,720,1,"Trig. 720"
1861166016,820,1,"Trig. 820"
1861910156,920,1,"Trig. 920"
1863302734,720,1,"Trig. 720"
1.864e+09,820,1,"Trig. 820"
1864695313,920,1,"Trig. 920"
1866089844,720,1,"Trig. 720"
1866785156,820,1,"Trig. 820"
1867529297,920,1,"Trig. 920"
1868921875,720,1,"Trig. 720"
1869619141,820,1,"Trig. 820"
1870314453,920,1,"Trig. 920"
1872404297,820,1,"Trig. 820"
1873148438,920,1,"Trig. 920"
1874541016,720,1,"Trig. 720"
1875238281,820,1,"Trig. 820"
1875933594,920,1,"Trig. 920"
1877328125,720,1,"Trig. 720"
1878023438,820,1,"Trig. 820"
1878767578,920,1,"Trig. 920"
1880160156,720,1,"Trig. 720"
1880857422,820,1,"Trig. 820"
1881552734,920,1,"Trig. 920"
1882992188,720,1,"Trig. 720"
1883689453,820,1,"Trig. 820"
1884386719,920,1,"Trig. 920"
1885779297,720,1,"Trig. 720"
1886476563,820,1,"Trig. 820"
1887171875,920,1,"Trig. 920"
1888611328,720,1,"Trig. 720"
1889308594,820,1,"Trig. 820"
1890005859,920,1,"Trig. 920"
1891398438,720,1,"Trig. 720"
1892095703,820,1,"Trig. 820"
1892791016,920,1,"Trig. 920"
1894230469,720,1,"Trig. 720"
1894927734,820,1,"Trig. 820"
1895625000,920,1,"Trig. 920"
1897017578,720,1,"Trig. 720"
1897714844,820,1,"Trig. 820"
1898410156,920,1,"Trig. 920"
1899849609,720,1,"Trig. 720"
1900546875,820,1,"Trig. 820"
1901244141,920,1,"Trig. 920"
1902636719,720,1,"Trig. 720"
1903333984,820,1,"Trig. 820"
1904029297,920,1,"Trig. 920"
1905468750,720,1,"Trig. 720"
1906166016,820,1,"Trig. 820"
1906863281,920,1,"Trig. 920"
1908255859,720,1,"Trig. 720"
1908953125,820,1,"Trig. 820"
1909648438,920,1,"Trig. 920"
1911087891,720,1,"Trig. 720"
1911785156,820,1,"Trig. 820"
1912482422,920,1,"Trig. 920"
1913875000,720,1,"Trig. 720"
1915267578,920,1,"Trig. 920"
1916707031,720,1,"Trig. 720"
1917404297,820,1,"Trig. 820"
1918101563,920,1,"Trig. 920"
1919494141,720,1,"Trig. 720"
1920191406,820,1,"Trig. 820"
1920886719,920,1,"Trig. 920"
1922326172,720,1,"Trig. 720"
1923023438,820,1,"Trig. 820"
1923720703,920,1,"Trig. 920"
1925113281,720,1,"Trig. 720"
1925810547,820,1,"Trig. 820"
1926505859,920,1,"Trig. 920"
1927945313,720,1,"Trig. 720"
1928642578,820,1,"Trig. 820"
1929339844,920,1,"Trig. 920"
1930732422,720,1,"Trig. 720"
1931429688,820,1,"Trig. 820"
1932125000,920,1,"Trig. 920"
1933564453,720,1,"Trig. 720"
1934261719,820,1,"Trig. 820"
1934958984,920,1,"Trig. 920"
1936398438,720,1,"Trig. 720"
1937093750,820,1,"Trig. 820"
1939183594,720,1,"Trig. 720"
1939880859,820,1,"Trig. 820"
1940578125,920,1,"Trig. 920"
1942017578,720,1,"Trig. 720"
1942712891,820,1,"Trig. 820"
1943410156,920,1,"Trig. 920"
1944802734,720,1,"Trig. 720"
1945500000,820,1,"Trig. 820"
1947636719,720,1,"Trig. 720"
1948332031,820,1,"Trig. 820"
1949029297,920,1,"Trig. 920"
1950421875,720,1,"Trig. 720"
1951119141,820,1,"Trig. 820"
1951816406,920,1,"Trig. 920"
1953255859,720,1,"Trig. 720"
1953951172,820,1,"Trig. 820"
1954648438,920,1,"Trig. 920"
1956087891,720,1,"Trig. 720"
1957480469,920,1,"Trig. 920"
1958875000,720,1,"Trig. 720"
1959570313,820,1,"Trig. 820"
1960267578,920,1,"Trig. 920"
1961707031,720,1,"Trig. 720"
1962404297,820,1,"Trig. 820"
1964494141,720,1,"Trig. 720"
1965189453,820,1,"Trig. 820"
1965886719,920,1,"Trig. 920"
1967326172,720,1,"Trig. 720"
1968023438,820,1,"Trig. 820"
1968718750,920,1,"Trig. 920"
1970113281,720,1,"Trig. 720"
1970808594,820,1,"Trig. 820"
1972945313,720,1,"Trig. 720"
1973642578,820,1,"Trig. 820"
1974337891,920,1,"Trig. 920"
1975734375,720,1,"Trig. 720"
1976427734,820,1,"Trig. 820"
1977125000,920,1,"Trig. 920"
1978564453,720,1,"Trig. 720"
1979261719,820,1,"Trig. 820"
1979957031,920,1,"Trig. 920"
1981398438,720,1,"Trig. 720"
1982093750,820,1,"Trig. 820"
1982791016,920,1,"Trig. 920"
1984183594,720,1,"Trig. 720"
1984880859,820,1,"Trig. 820"
1987017578,720,1,"Trig. 720"
1989802734,720,1,"Trig. 720"
1990500000,820,1,"Trig. 820"
1991195313,920,1,"Trig. 920"
1992636719,720,1,"Trig. 720"
1993332031,820,1,"Trig. 820"
1994029297,920,1,"Trig. 920"
1995468750,720,1,"Trig. 720"
1996166016,820,1,"Trig. 820"
1996861328,920,1,"Trig. 920"
1998255859,720,1,"Trig. 720"
1998951172,820,1,"Trig. 820"
1999648438,920,1,"Trig. 920"
2001041016,720,1,"Trig. 720"
2001738281,820,1,"Trig. 820"
2002433594,920,1,"Trig. 920"
2003875000,720,1,"Trig. 720"
2004570313,820,1,"Trig. 820"
2005267578,920,1,"Trig. 920"
2006707031,720,1,"Trig. 720"
2007357422,820,1,"Trig. 820"
2009492188,720,1,"Trig. 720"
2010189453,820,1,"Trig. 820"
2012326172,720,1,"Trig. 720"
2013718750,920,1,"Trig. 920"
2015158203,720,1,"Trig. 720"
2015855469,820,1,"Trig. 820"
2016552734,920,1,"Trig. 920"
2017945313,720,1,"Trig. 720"
2018642578,820,1,"Trig. 820"
2019337891,920,1,"Trig. 920"
2020777344,720,1,"Trig. 720"
2021474609,820,1,"Trig. 820"
2022171875,920,1,"Trig. 920"
2023564453,720,1,"Trig. 720"
2024261719,820,1,"Trig. 820"
2024957031,920,1,"Trig. 920"
2026396484,720,1,"Trig. 720"
2027093750,820,1,"Trig. 820"
2027791016,920,1,"Trig. 920"
2029183594,720,1,"Trig. 720"
2029880859,820,1,"Trig. 820"
2030576172,920,1,"Trig. 920"
2032015625,720,1,"Trig. 720"
2032712891,820,1,"Trig. 820"
2033410156,920,1,"Trig. 920"
2034849609,720,1,"Trig. 720"
2035544922,820,1,"Trig. 820"
2036242188,920,1,"Trig. 920"
2037634766,720,1,"Trig. 720"
2038332031,820,1,"Trig. 820"
2040468750,720,1,"Trig. 720"
2041164063,820,1,"Trig. 820"
2041861328,920,1,"Trig. 920"
2043300781,720,1,"Trig. 720"
2043951172,820,1,"Trig. 820"
2044648438,920,1,"Trig. 920"
2046087891,720,1,"Trig. 720"
2046783203,820,1,"Trig. 820"
2047480469,920,1,"Trig. 920"
2048919922,720,1,"Trig. 720"
2049617188,820,1,"Trig. 820"
2050312500,920,1,"Trig. 920"
2051707031,720,1,"Trig. 720"
2053099609,920,1,"Trig. 920"
2054541016,720,1,"Trig. 720"
2055236328,820,1,"Trig. 820"
2055931641,920,1,"Trig. 920"
2057326172,720,1,"Trig. 720"
2058023438,820,1,"Trig. 820"
2058718750,920,1,"Trig. 920"
2060160156,720,1,"Trig. 720"
2060855469,820,1,"Trig. 820"
2061550781,920,1,"Trig. 920"
2062945313,720,1,"Trig. 720"
2064337891,920,1,"Trig. 920"
2065777344,720,1,"Trig. 720"
2067169922,920,1,"Trig. 920"
2068609375,720,1,"Trig. 720"
2069261719,820,1,"Trig. 820"
2070003906,920,1,"Trig. 920"
2071396484,720,1,"Trig. 720"
2072093750,820,1,"Trig. 820"
2072789063,920,1,"Trig. 920"
2074228516,720,1,"Trig. 720"
2074925781,820,1,"Trig. 820"
2075623047,920,1,"Trig. 920"
2077064453,720,1,"Trig. 720"
2077712891,820,1,"Trig. 820"
2078408203,920,1,"Trig. 920"
2079847656,720,1,"Trig. 720"
2080544922,820,1,"Trig. 820"
2081242188,920,1,"Trig. 920"
2082634766,720,1,"Trig. 720"
2083332031,820,1,"Trig. 820"
2085466797,720,1,"Trig. 720"
2086166016,820,1,"Trig. 820"
2086861328,920,1,"Trig. 920"
2088300781,720,1,"Trig. 720"
2088951172,820,1,"Trig. 820"
2091085938,720,1,"Trig. 720"
2091783203,820,1,"Trig. 820"
2092480469,920,1,"Trig. 920"
2093919922,720,1,"Trig. 720"
2096751953,720,1,"Trig. 720"
2097402344,820,1,"Trig. 820"
2098144531,920,1,"Trig. 920"
2099539063,720,1,"Trig. 720"
2100234375,820,1,"Trig. 820"
2100931641,920,1,"Trig. 920"
2102324219,720,1,"Trig. 720"
2103021484,820,1,"Trig. 820"
2103763672,920,1,"Trig. 920"
2105158203,720,1,"Trig. 720"
2105853516,820,1,"Trig. 820"
2106550781,920,1,"Trig. 920"
2107990234,720,1,"Trig. 720"
2108640625,820,1,"Trig. 820"
2109382813,920,1,"Trig. 920"
2110777344,720,1,"Trig. 720"
2111472656,820,1,"Trig. 820"
2112169922,920,1,"Trig. 920"
2113562500,720,1,"Trig. 720"
2115001953,920,1,"Trig. 920"
2116396484,720,1,"Trig. 720"
2117091797,820,1,"Trig. 820"
2117789063,920,1,"Trig. 920"
2119228516,720,1,"Trig. 720"
2119925781,820,1,"Trig. 820"
2120621094,920,1,"Trig. 920"
2122015625,720,1,"Trig. 720"
2122710938,820,1,"Trig. 820"
2123408203,920,1,"Trig. 920"
2124847656,720,1,"Trig. 720"
2125544922,820,1,"Trig. 820"
2126240234,920,1,"Trig. 920"
2127634766,720,1,"Trig. 720"
2130466797,720,1,"Trig. 720"
2131164063,820,1,"Trig. 820"
2131859375,920,1,"Trig. 920"
2133298828,720,1,"Trig. 720"
2133996094,820,1,"Trig. 820"
2134693359,920,1,"Trig. 920"
2136085938,720,1,"Trig. 720"
2137478516,920,1,"Trig. 920"
